{
	"powers": [
		"pokecraft:oshawott/razorshell",
		"pokecraft:oshawott/shellbound",
		"pokecraft:oshawott/aquatic",
		"pokecraft:oshawott/aquajet",
		"pokecraft:oshawott/littlefighter",
		"pokecraft:oshawott/swimspeed",
		"pokecraft:oshawott/scalchop",
		"pokecraft:oshawott/naturalweak",
		"pokecraft:oshawott/breathe",
		"origins:aquatic"
	],
	"icon": "minecraft:nautilus_shell",
	"order": 10,
	"impact": 2,
	"name": "Oshawott",
	"description": "Oshawott, the sea otter Pokemon. It fights using the §bscalchop§f on its stomach. In response to an attack, it retaliates immediately by slashing."
}
