{
	"type": "origins:multiple",
	"angy_particles": {
		"type": "origins:particle",
		"particle": "minecraft:angry_villager",
		"frequency": 20,
		"offset_y": 0.5,
		"condition": {
			"type": "origins:and",
			"conditions": [
			{
				"type": "origins:food_level",
				"comparison": "<=",
				"compare_to": "6"
			},
			{
				"type": "origins:status_effect",
				"effect": "minecraft:invisibility"
			}
			]
		}
	},
	"fluffy_particles": {
		"type": "origins:particle",
		"particle": "minecraft:white_ash",
		"frequency": 5,
		"offset_y": 0.5,
		"condition": {
			"type": "origins:and",
			"conditions": [
			{
				"type": "origins:food_level",
				"comparison": "<=",
				"compare_to": "6"
			},
			{
				"type": "origins:status_effect",
				"effect": "minecraft:invisibility"
			}
			]
		}
	},
	"name": "Empty Stomach",
	"description": "You hunger much faster, and when too hungry become grumpy, causing you to be slower and your abilities not to work."
}