{
	"type": "origins:active_self",
	"entity_action": {
		"type": "origins:and",
		"actions": [
		{
			"type": "origins:delay",
			"ticks": 20,
			"action": {
				"type": "origins:feed",
				"food": 2,
				"saturation": 0.4
			}
		},
		{
			"type": "origins:delay",
			"ticks": 20,
			"action": {
				"type": "origins:equipped_item_action",
				"equipment_slot": "mainhand",
				"action": {
					"type": "origins:consume",
					"amount": 1
				}
			}
		},
		{
			"type": "origins:play_sound",
			"sound": "minecraft:entity.generic.eat"
		},
		{
			"type": "origins:delay",
			"ticks": 10,
			"action": {
				"type": "origins:play_sound",
				"sound": "minecraft:entity.generic.eat"
			}
		},
		{
			"type": "origins:delay",
			"ticks": 20,
			"action": {
				"type": "origins:play_sound",
				"sound": "minecraft:entity.player.burp"
			}
		},
		{
			"type": "origins:apply_effect",
			"effect": {
				"effect": "minecraft:slowness",
				"duration": 20,
				"amplifier": 0,
				"show_icon": false,
				"show_particles": false
			}
		}
		]
	},
	"condition": {
		"type": "origins:and",
		"conditions": [
		{
			"type": "origins:equipped_item",
			"equipment_slot": "mainhand",
			"item_condition": {
				"type": "origins:ingredient",
				"ingredient": {
					"item": "minecraft:sugar"
				}
			}
		},
		{
			"type": "origins:food_level",
			"comparison": "<",
			"compare_to": "20"
		}
		]
	},
	"key": {
		"key": "key.use"
	},
	"cooldown": 20,
	"hud_render": {
		"should_render": false
	},
	"name": "Sweet Tooth",
	"description": "You can eat sugar faster than other foods."
}		