{
	"type": "origins:action_on_hit",
	"bientity_action": {
		"type": "origins:chance",
		"action": {
			"type": "origins:and",
			"actions": [
				{
					"type": "origins:target_action",
					"action": {
						"type": "origins:choice",
						"actions": [
							{
								"element": {
									"type": "origins:apply_effect",
									"effect": {
										"effect": "minecraft:darkness",
										"duration": 30,
										"show_particles": true,
										"show_icon": false
									}
								},
								"weight": 1
							},
							{
								"element": {
									"type": "origins:apply_effect",
									"effect": {
										"effect": "minecraft:blindness",
										"duration": 30,
										"show_particles": true,
										"show_icon": false
									}
								},
								"weight": 1
							},
							{
								"element": {
									"type": "origins:apply_effect",
									"effect": {
										"effect": "minecraft:nausea",
										"duration": 30,
										"show_particles": true,
										"show_icon": false
									}
								},
								"weight": 1.5
							}
						]
					}
				},
				{
					"type": "origins:target_action",
					"action": {
						"type": "origins:grant_power",
						"power": "pokecraft:spinda/bopeffects",
						"source": "pokecraft:spinda"
					}
				},
				{
					"type": "origins:actor_action",
					"action": {
						"type": "origins:execute_command",
						"command": "particle minecraft:entity_effect ~ ~1.0 ~ 0.741 0.314 0.267 1 0 normal @s"
					}
				},
				{
					"type": "origins:actor_action",
					"action": {
						"type": "origins:execute_command",
						"command": "particle minecraft:entity_effect ~ ~0.5 ~ 0.741 0.314 0.267 1 0 normal @s"
					}
				},
				{
					"type": "origins:actor_action",
					"action": {
						"type": "origins:execute_command",
						"command": "particle minecraft:entity_effect ~ ~1.0 ~ 0.741 0.314 0.267 1 0 normal @s"
					}
				}
			]
		},
		"chance": 0.3
	},
	"name": "Dizzy Punch",
	"description": "You have a chance of confusing your opponent when hitting them."
}