{
    "type": "origins:action_over_time",
	"interval": 1200,
    "entity_action": {
		"type": "origins:chance",
		"action": {
			"type": "origins:and",
			"actions": [
			{
				"type": "origins:execute_command",
				"command": "particle entity_effect ~ ~1.0 ~ 0.741 0.314 0.267 1 0 normal @s"
			},
			{
				"type": "origins:execute_command",
				"command": "particle entity_effect ~ ~0.5 ~ 0.741 0.314 0.267 1 0 normal @s"
			},
			{
				"type": "origins:execute_command",
				"command": "particle entity_effect ~ ~0.5 ~ 0.741 0.314 0.267 1 0 normal @s"
			},
			{
				"type": "origins:execute_command",
				"command": "particle entity_effect ~ ~0.5 ~ 0.741 0.314 0.267 1 0 normal @s"
			},
			{
				"type": "origins:execute_command",
				"command": "particle entity_effect ~ ~1.0 ~ 0.741 0.314 0.267 1 0 normal @s"
			}
			]
		},
		"chance": 0.3
	},
	"hidden": true
}