{
    "type": "origins:action_over_time",
	"interval": 1200,
    "entity_action": {
        "type": "origins:choice",
        "actions": [
            {
                "element": {
                    "type": "origins:modify_resource",
                    "resource": "pokecraft:spinda/wobbly_possiblespeeds",
                    "modifier": {
                        "operation": "set_total",
                        "value": 0
                    }
                },
                "weight": 1
            },
			{
                "element": {
                    "type": "origins:modify_resource",
                    "resource": "pokecraft:spinda/wobbly_possiblespeeds",
                    "modifier": {
                        "operation": "set_total",
                        "value": 1
                    }
                },
                "weight": 1
            },
			{
                "element": {
                    "type": "origins:modify_resource",
                    "resource": "pokecraft:spinda/wobbly_possiblespeeds",
                    "modifier": {
                        "operation": "set_total",
                        "value": 2
                    }
                },
                "weight": 1
            },
			{
                "element": {
                    "type": "origins:modify_resource",
                    "resource": "pokecraft:spinda/wobbly_possiblespeeds",
                    "modifier": {
                        "operation": "set_total",
                        "value": 3
                    }
                },
                "weight": 1
            },
			{
                "element": {
                    "type": "origins:modify_resource",
                    "resource": "pokecraft:spinda/wobbly_possiblespeeds",
                    "modifier": {
                        "operation": "set_total",
                        "value": 4
                    }
                },
                "weight": 1
            },
			{
                "element": {
                    "type": "origins:modify_resource",
                    "resource": "pokecraft:spinda/wobbly_possiblespeeds",
                    "modifier": {
                        "operation": "set_total",
                        "value": 5
                    }
                },
                "weight": 1
            },
			{
                "element": {
                    "type": "origins:modify_resource",
                    "resource": "pokecraft:spinda/wobbly_possiblespeeds",
                    "modifier": {
                        "operation": "set_total",
                        "value": 6
                    }
                },
                "weight": 1
            },
			{
                "element": {
                    "type": "origins:modify_resource",
                    "resource": "pokecraft:spinda/wobbly_possiblespeeds",
                    "modifier": {
                        "operation": "set_total",
                        "value": 7
                    }
                },
                "weight": 1
            },
			{
                "element": {
                    "type": "origins:modify_resource",
                    "resource": "pokecraft:spinda/wobbly_possiblespeeds",
                    "modifier": {
                        "operation": "set_total",
                        "value": 8
                    }
                },
                "weight": 1
            },
			{
                "element": {
                    "type": "origins:modify_resource",
                    "resource": "pokecraft:spinda/wobbly_possiblespeeds",
                    "modifier": {
                        "operation": "set_total",
                        "value": 9
                    }
                },
                "weight": 1
            },
			{
                "element": {
                    "type": "origins:modify_resource",
                    "resource": "pokecraft:spinda/wobbly_possiblespeeds",
                    "modifier": {
                        "operation": "set_total",
                        "value": 10
                    }
                },
                "weight": 1
            }
        ]
    },
    "name": "Wobbly Pace",
    "description": "Your wobbly steps cause your speed to randomly change up."
}