{
    "type": "origins:multiple",
    "possiblespeeds": {
        "type": "origins:resource",
        "start_value": 6,
        "max": 10,
        "min": 0,
        "hud_render": {
            "should_render": false,
            "bar_index": 2
        }
    },
    "0": {
        "type": "origins:conditioned_attribute",
        "modifier": {
            "attribute": "minecraft:generic.movement_speed",
            "operation": "multiply_base",
            "value": -0.3,
            "name": "speed 0"
        },
        "tick_rate": 20,
        "condition": {
            "type": "origins:resource",
            "resource": "pokecraft:spinda/wobbly_possiblespeeds",
            "comparison": "==",
            "compare_to": 0
        }
    },
	"1": {
        "type": "origins:conditioned_attribute",
        "modifier": {
            "attribute": "minecraft:generic.movement_speed",
            "operation": "multiply_base",
            "value": -0.24,
            "name": "speed 1"
        },
        "tick_rate": 20,
        "condition": {
            "type": "origins:resource",
            "resource": "pokecraft:spinda/wobbly_possiblespeeds",
            "comparison": "==",
            "compare_to": 1
        }
    },
	"2": {
        "type": "origins:conditioned_attribute",
        "modifier": {
            "attribute": "minecraft:generic.movement_speed",
            "operation": "multiply_base",
            "value": -0.18,
            "name": "speed 2"
        },
        "tick_rate": 20,
        "condition": {
            "type": "origins:resource",
            "resource": "pokecraft:spinda/wobbly_possiblespeeds",
            "comparison": "==",
            "compare_to": 2
        }
    },
	"3": {
        "type": "origins:conditioned_attribute",
        "modifier": {
            "attribute": "minecraft:generic.movement_speed",
            "operation": "multiply_base",
            "value": -0.12,
            "name": "speed 3"
        },
        "tick_rate": 20,
        "condition": {
            "type": "origins:resource",
            "resource": "pokecraft:spinda/wobbly_possiblespeeds",
            "comparison": "==",
            "compare_to": 3
        }
    },
	"4": {
        "type": "origins:conditioned_attribute",
        "modifier": {
            "attribute": "minecraft:generic.movement_speed",
            "operation": "multiply_base",
            "value": -0.06,
            "name": "speed 4"
        },
        "tick_rate": 20,
        "condition": {
            "type": "origins:resource",
            "resource": "pokecraft:spinda/wobbly_possiblespeeds",
            "comparison": "==",
            "compare_to": 4
        }
    },
	"5": {
        "type": "origins:conditioned_attribute",
        "modifier": {
            "attribute": "minecraft:generic.movement_speed",
            "operation": "multiply_base",
            "value": 0.0,
            "name": "speed 5, aka default player"
        },
        "tick_rate": 20,
        "condition": {
            "type": "origins:resource",
            "resource": "pokecraft:spinda/wobbly_possiblespeeds",
            "comparison": "==",
            "compare_to": 5
        }
    },
	"6": {
        "type": "origins:conditioned_attribute",
        "modifier": {
            "attribute": "minecraft:generic.movement_speed",
            "operation": "multiply_base",
            "value": 0.06,
            "name": "speed 6"
        },
        "tick_rate": 20,
        "condition": {
            "type": "origins:resource",
            "resource": "pokecraft:spinda/wobbly_possiblespeeds",
            "comparison": "==",
            "compare_to": 6
        }
    },
	"7": {
        "type": "origins:conditioned_attribute",
        "modifier": {
            "attribute": "minecraft:generic.movement_speed",
            "operation": "multiply_base",
            "value": 0.12,
            "name": "speed 7"
        },
        "tick_rate": 20,
        "condition": {
            "type": "origins:resource",
            "resource": "pokecraft:spinda/wobbly_possiblespeeds",
            "comparison": "==",
            "compare_to": 7
        }
    },
	"8": {
        "type": "origins:conditioned_attribute",
        "modifier": {
            "attribute": "minecraft:generic.movement_speed",
            "operation": "multiply_base",
            "value": 0.18,
            "name": "speed 8"
        },
        "tick_rate": 20,
        "condition": {
            "type": "origins:resource",
            "resource": "pokecraft:spinda/wobbly_possiblespeeds",
            "comparison": "==",
            "compare_to": 8
        }
    },
	"9": {
        "type": "origins:conditioned_attribute",
        "modifier": {
            "attribute": "minecraft:generic.movement_speed",
            "operation": "multiply_base",
            "value": 0.24,
            "name": "speed 9"
        },
        "tick_rate": 20,
        "condition": {
            "type": "origins:resource",
            "resource": "pokecraft:spinda/wobbly_possiblespeeds",
            "comparison": "==",
            "compare_to": 9
        }
    },
	"10": {
        "type": "origins:conditioned_attribute",
        "modifier": {
            "attribute": "minecraft:generic.movement_speed",
            "operation": "multiply_base",
            "value": 0.3,
            "name": "speed 10"
        },
        "tick_rate": 20,
        "condition": {
            "type": "origins:resource",
            "resource": "pokecraft:spinda/wobbly_possiblespeeds",
            "comparison": "==",
            "compare_to": 10
        }
    },
	"hidden": true
}