{
	"type": "origins:active_self",
	"entity_action": {
		"type": "origins:and",
		"actions": [
		{
			"type": "origins:add_velocity",
			"space": "local",
			"z": 0.8
		},
		{
			"type": "origins:execute_command",
			"command": "particle minecraft:bubble_pop ~ ~ ~ 0.3 0.4 0.3 0 5 normal"
		}
		]
	},
	"condition": {
		"type": "origins:fluid_height",
		"fluid": "minecraft:water",
		"comparison": ">=",
		"compare_to": 0.2
	},
	"key": {
		"key": "key.origins.secondary_active"
	},
	"hud_render": {
		"should_render": true,
		"sprite_location": "origins:textures/gui/community/huang/resource_bar_02.png",
		"bar_index": 16
	},
	"cooldown": 100,
	"name": "Aqua Jet",
	"description": "Dash in the direction you face while underwater."
}