{
	"type": "origins:active_self",
	"entity_action": {
		"type": "origins:raycast",
		"distance": 3,
		"block": true,
		"entity": true,
		"fluid_handling": "none",
		"shape_type": "visual",
		"bientity_action": {
			"type": "origins:target_action",
			"action": {
				"type": "origins:damage",
				"amount": 4,
				"source": {
					"name": "player"
				}
			}
		},
		"command_at_hit": "particle minecraft:bubble_pop ~ ~ ~ 0.3 0.3 0.3 0 5 normal"
	},
	"condition": {
		"type": "origins:and",
		"conditions": [
		{
			"type": "origins:equipped_item",
			"equipment_slot": "mainhand",
			"item_condition": {
				"type": "origins:nbt",
				"nbt": "{scalchop: 1b}"
			}
		}
		]
	},
	"cooldown": 140,
	"hud_render": {
		"should_render": true,
		"sprite_location": "origins:textures/gui/community/huang/resource_bar_01.png",
		"bar_index": 10
	},
	"name": "Razor Shell",
	"description": "Slash at opponents with your §bScalchop."
}