{
	"type": "origins:multiple",
	"tooltip": {
		"type": "origins:tooltip",
		"text": {
			"text": "An Oshawott's Scalchop",
			"color": "aqua"
		},
		"item_condition": {
			"type": "origins:nbt",
			"nbt": "{scalchop: 1b}"
		}
	},
	"shellbound": {
		"type": "origins:resource",
		"start_value": 0,
		"max": 1,
		"min": 0,
		"hud_render": {
			"should_render": false,
			"bar_index": 4
		}
	},
	"nolose": {
		"type": "origins:keep_inventory",
		"item_condition": {
			"type": "origins:nbt",
			"nbt": "{scalchop: 1b}"
		}
	},
	"binding": {
		"type": "origins:active_self",
		"entity_action": {
			"type": "origins:if_else_list",
			"actions": [
			{
				"action": {
					"type": "origins:and",
					"actions": [
					{
						"type": "origins:equipped_item_action",
						"equipment_slot": "mainhand",
						"action": {
							"type": "origins:merge_nbt",
							"nbt": "{scalchop: 1b}"
						}
					},
					{
						"type": "origins:change_resource",
						"resource": "pokecraft:oshawott/shellbound_shellbound",
						"change": 1
					}
					]
				},
				"condition": {
					"type": "origins:and",
					"conditions": [
					{
						"type": "origins:resource",
						"resource": "pokecraft:oshawott/shellbound_shellbound",
						"comparison": "==",
						"compare_to": 0
					},
					{
						"type": "origins:equipped_item",
						"equipment_slot": "mainhand",
						"item_condition": {
							"type": "origins:amount",
							"comparison": "==",
							"compare_to": 1
						}
					}
					]
				}
			},
			{
				"action": {
					"type": "origins:and",
					"actions": [
					{
						"type": "origins:equipped_item_action",
						"equipment_slot": "mainhand",
						"action": {
							"type": "origins:consume",
							"amount": 1
						}
					},
					{
						"type": "origins:change_resource",
						"resource": "pokecraft:oshawott/shellbound_shellbound",
						"change": -1
					},
					{
						"type": "origins:equipped_item_action",
						"equipment_slot": "offhand",
						"action": {
							"type": "origins:consume",
							"amount": 1
						}
					}
					]
				},
				"condition": {
					"type": "origins:and",
					"conditions": [
					{
						"type": "origins:equipped_item",
						"equipment_slot": "offhand",
						"item_condition": {
							"type": "origins:ingredient",
							"ingredient": {
								"item": "minecraft:nautilus_shell"
							}
						}
					},
					{
						"type": "origins:resource",
						"resource": "pokecraft:oshawott/shellbound_shellbound",
						"comparison": "==",
						"compare_to": 1
					},
					{
						"type": "origins:equipped_item",
						"equipment_slot": "mainhand",
						"item_condition": {
							"type": "origins:nbt",
							"nbt": "{scalchop: 1b}"
						}
					}
					]
				}
			}
			]
		},
		"key": {
			"key": "key.saveToolbarActivator"
		}
	},
	"name": "§b§nScalchop",
	"description": "Choose for yourself an object to bind as your §bScalchop§f. You will never lose it upon death, and it will be stronger, but all other forms of damage you deal will be weaker. If you want to unbind the item, hold a nautilus shell in your offhand."
}